{
  "model_name": "ada_boost",
  "accuracy": 0.3166332665330661,
  "balanced_accuracy": 0.4703296703296703,
  "recall": 0.3166332665330661,
  "f1": 0.1633403467660216,
  "roc": 0.5588386492758148,
  "cr": "              precision    recall  f1-score   support\n\n           0       0.00      0.00      0.00       163\n           1       0.00      0.00      0.00       169\n           2       0.30      1.00      0.46       140\n           3       0.86      0.43      0.57        14\n           4       0.60      0.92      0.73        13\n\n    accuracy                           0.32       499\n   macro avg       0.35      0.47      0.35       499\nweighted avg       0.12      0.32      0.16       499\n",
  "cm": [
    [
      0.0,
      0.0,
      1.0,
      0.0,
      0.0
    ],
    [
      0.0,
      0.0,
      1.0,
      0.0,
      0.0
    ],
    [
      0.0,
      0.0,
      1.0,
      0.0,
      0.0
    ],
    [
      0.0,
      0.0,
      0.0,
      0.42857142857142855,
      0.5714285714285714
    ],
    [
      0.0,
      0.0,
      0.0,
      0.07692307692307693,
      0.9230769230769231
    ]
  ]
}