{
  "model_name": "bagging",
  "accuracy": 0.9719438877755511,
  "balanced_accuracy": 0.9429390807399303,
  "recall": 0.9719438877755511,
  "f1": 0.9719424878080558,
  "roc": 0.9969744657949821,
  "cr": "              precision    recall  f1-score   support\n\n           0       0.95      0.99      0.97       163\n           1       0.99      0.95      0.97       169\n           2       1.00      1.00      1.00       140\n           3       0.92      0.86      0.89        14\n           4       0.86      0.92      0.89        13\n\n    accuracy                           0.97       499\n   macro avg       0.94      0.94      0.94       499\nweighted avg       0.97      0.97      0.97       499\n",
  "cm": [
    [
      0.9877300613496932,
      0.012269938650306749,
      0.0,
      0.0,
      0.0
    ],
    [
      0.05325443786982249,
      0.9467455621301775,
      0.0,
      0.0,
      0.0
    ],
    [
      0.0,
      0.0,
      1.0,
      0.0,
      0.0
    ],
    [
      0.0,
      0.0,
      0.0,
      0.8571428571428571,
      0.14285714285714285
    ],
    [
      0.0,
      0.0,
      0.0,
      0.07692307692307693,
      0.9230769230769231
    ]
  ]
}