{
  "model_name": "extra_trees",
  "accuracy": 0.969939879759519,
  "balanced_accuracy": 0.9559568322192202,
  "recall": 0.969939879759519,
  "f1": 0.9699224865932367,
  "roc": 0.9991261453736519,
  "cr": "              precision    recall  f1-score   support\n\n           0       0.94      0.99      0.96       163\n           1       0.99      0.93      0.96       169\n           2       1.00      1.00      1.00       140\n           3       1.00      0.86      0.92        14\n           4       0.87      1.00      0.93        13\n\n    accuracy                           0.97       499\n   macro avg       0.96      0.96      0.95       499\nweighted avg       0.97      0.97      0.97       499\n",
  "cm": [
    [
      0.9877300613496932,
      0.012269938650306749,
      0.0,
      0.0,
      0.0
    ],
    [
      0.0650887573964497,
      0.9349112426035503,
      0.0,
      0.0,
      0.0
    ],
    [
      0.0,
      0.0,
      1.0,
      0.0,
      0.0
    ],
    [
      0.0,
      0.0,
      0.0,
      0.8571428571428571,
      0.14285714285714285
    ],
    [
      0.0,
      0.0,
      0.0,
      0.0,
      1.0
    ]
  ]
}