{
  "model_name": "rf",
  "accuracy": 0.9739478957915831,
  "balanced_accuracy": 0.9441225126925928,
  "recall": 0.9739478957915831,
  "f1": 0.9739478957915831,
  "roc": 0.9971923009276065,
  "cr": "              precision    recall  f1-score   support\n\n           0       0.95      0.99      0.97       163\n           1       0.99      0.95      0.97       169\n           2       1.00      1.00      1.00       140\n           3       0.92      0.86      0.89        14\n           4       0.86      0.92      0.89        13\n\n    accuracy                           0.97       499\n   macro avg       0.94      0.94      0.94       499\nweighted avg       0.97      0.97      0.97       499\n",
  "cm": [
    [
      0.9877300613496932,
      0.012269938650306749,
      0.0,
      0.0,
      0.0
    ],
    [
      0.047337278106508875,
      0.9526627218934911,
      0.0,
      0.0,
      0.0
    ],
    [
      0.0,
      0.0,
      1.0,
      0.0,
      0.0
    ],
    [
      0.0,
      0.0,
      0.0,
      0.8571428571428571,
      0.14285714285714285
    ],
    [
      0.0,
      0.0,
      0.0,
      0.07692307692307693,
      0.9230769230769231
    ]
  ]
}